data,lake,n.trees,lr,train_correlation,train_mean.resid,test_deviance.mean,test_deviance.se,test_correlation.mean,test_correlation.se,correlation,correlation_p,slope,slope_p,intercept,intercept_p,rsqr,df,rmse,mad,n,PC1,PC2,PC3,PC4,PC5,PC6,PC7,PC8,PC9,PC10,PC11,PC12,PC13,PC14,PC15,PC16,PC17,PC18,PC19,PC20,PC21,PC22,PC23,PC24,PC25,PC26,PC27,PC28,PC29,PC30,PC31,PC32,PC33,PC34,PC35,PC36,PC37,PC38,PC39,PC40,PC41,PC42,PC43,PC44,PC45,PC46,PC47,PC48,PC49,PC50,PC51,PC52,PC53,PC54,PC55,PC56,PC57,PC58,PC59,PC60,PC61,PC62,PC63,PC64,PC65,PC66,PC67,PC68,PC69,PC70,PC71,PC72,PC73,PC74,PC75,PC76,PC77,PC78,PC79,PC80,PC81,PC82,PC83,PC84,PC85,PC86,PC87,PC88,PC89,PC90,PC91,PC92,PC93,PC94,PC95,PC96,PC97,PC98,PC99,PC100
NA,lake0003,1350,0.1024,0.9927608311214,0.00231018776125737,0.0154220360968777,0.00164979732616867,0.950580083942653,0.00697676417492854,0.927255690097809,0,0.967184552974021,6.30408954207898e-293,-0.0160536218398039,7.54993983393586e-05,0.985574067808854,316,0.0480644126278203,0.025042393190754,318,F,T,F,F,F,F,F,F,F,F,F,F,F,F,F,F,F,F,F,F,F,F,F,F,F,F,F,F,F,F,F,F,F,F,F,F,F,F,F,F,F,F,F,F,F,F,F,F,F,F,F,F,F,F,F,F,F,F,F,F,F,F,F,F,F,F,F,F,F,F,F,F,F,F,F,F,F,F,F,F,F,F,T,F,F,F,F,F,F,F,F,F,F,F,F,F,F,F,F,F
NA,lake0012,1100,0.1024,0.99616165652321,0.00132481370079654,0.0386193646103541,0.00355881052818119,0.880328407240437,0.0113580005605815,0.944125771522522,0,0.980437938201383,0,-0.00709594334301141,0.0209688785544207,0.992338045927066,317,0.0363979903400798,0.0185822510635697,319,F,F,F,F,T,F,F,F,T,F,F,F,F,T,F,F,F,F,F,F,F,T,F,T,F,F,F,F,F,F,F,F,F,F,F,F,F,F,F,F,F,F,T,F,F,F,F,F,F,F,F,F,F,F,F,F,F,F,F,F,F,F,F,F,F,F,F,T,F,F,F,F,F,F,F,T,F,F,F,F,F,F,F,F,F,F,F,F,T,F,F,F,F,F,F,F,F,F,F,F
NA,lake0021,1200,0.1024,0.995203618015284,0.000450306897313228,0.0130322289925404,0.00306765970609012,0.85790709434153,0.0277796477909613,0.954892635345459,0,0.975716205342511,1.03874652214399e-283,-0.0103195028522282,0.000572442986647665,0.990430241310712,279,0.0212204358417359,0.00717146846989414,281,T,F,F,T,F,F,F,F,T,T,F,F,F,F,T,F,T,F,F,F,F,F,F,F,F,F,F,F,F,F,F,F,F,F,F,F,F,F,T,F,F,F,F,F,F,F,F,F,F,F,F,F,F,F,F,F,F,F,F,F,F,F,T,F,F,F,F,F,F,F,F,F,F,F,F,F,F,F,F,T,F,F,F,F,F,F,F,T,F,F,F,F,F,F,T,F,F,F,F,F
NA,lake0022,2650,0.1024,0.999052024185698,0.000136126385053385,0.0189491316444033,0.00148003631110916,0.853392231124647,0.00934577604956604,0.984445452690125,0,0.991118720723455,0,-0.00285390704534141,0.00196873406254227,0.998104947029539,316,0.0116673212458295,0.00306948953793701,318,F,F,F,T,F,F,F,F,F,F,F,F,F,F,F,F,T,F,F,T,F,F,F,F,F,F,F,F,F,F,F,T,F,F,F,F,F,F,F,T,F,F,F,F,F,F,F,F,F,F,F,F,F,F,F,F,T,F,F,T,F,F,F,F,F,F,F,F,F,T,T,F,T,T,F,F,F,F,T,F,F,F,F,F,F,F,F,F,F,F,F,F,F,F,F,F,F,F,F,F
NA,lake0026,2650,0.1024,0.999840551364396,2.14804121755814e-05,0.0237187917381088,0.00170992745664074,0.790806974861572,0.023467590167497,0.991865634918213,0,0.996791352049286,0,-0.00073667864364908,0.0494408290648861,0.99968112815266,316,0.00463469655701227,0.00148844131192238,318,F,T,F,T,F,T,F,F,T,T,T,F,F,F,F,F,F,F,F,F,F,T,F,F,F,F,F,F,F,T,F,T,F,F,F,F,F,F,F,F,F,F,F,F,F,F,F,T,F,F,T,F,F,T,F,F,F,F,F,F,F,F,F,F,F,F,T,F,F,F,F,T,F,F,F,F,F,F,F,F,F,F,F,F,F,F,F,F,F,F,F,F,F,F,F,F,F,F,F,F
NA,lake0029,2500,0.1024,0.998505988842852,0.00790145388732208,0.105530472531419,0.0131775267026346,0.979814423004493,0.00255979284437638,0.97253805398941,0,0.999368702876559,1.08656345317887e-298,0.00581542343364165,0.386739875948313,0.997014209755041,235,0.0888901225520703,0.0220283848186091,237,F,T,F,F,F,F,F,F,F,F,T,F,F,F,F,F,F,F,F,F,F,F,F,F,F,F,F,F,F,F,F,F,F,T,F,F,F,F,F,F,F,F,F,F,F,F,F,F,F,F,F,F,F,F,F,F,F,F,F,F,F,F,F,F,F,F,F,F,F,F,F,F,F,F,F,F,F,T,F,F,F,F,F,F,F,F,F,F,F,F,F,F,F,F,F,F,F,F,F,F
NA,lake0034,1400,0.1024,0.99760471212202,0.00447893421856525,0.162955979352597,0.00936378482894965,0.905349606848096,0.0082037360400246,0.96640020608902,0,0.983146929068833,0,-0.0075475349734821,0.0752717504318333,0.995215161648059,288,0.0669248400712714,0.030588190060512,290,T,F,F,F,F,F,F,F,F,F,F,F,F,F,T,F,T,F,T,F,F,F,F,F,F,T,F,F,F,F,T,F,F,F,F,F,F,F,F,F,F,F,T,F,F,F,F,F,F,F,F,F,F,F,F,F,F,F,F,F,F,F,F,F,F,F,F,F,F,F,F,F,F,F,F,F,F,F,F,F,F,F,F,F,F,F,F,F,F,F,F,F,F,F,F,F,F,F,F,F
NA,lake0042,2200,0.1024,0.998444576947079,0.000351317142815335,0.0256663111586513,0.00184040514641404,0.873730916062712,0.0144793462141829,0.987877547740936,0,0.99554440472961,0,0.000696563451643113,0.512188138115108,0.996891573235031,316,0.0187434559997706,0.00178025800760803,318,F,T,F,F,F,F,T,F,T,F,T,F,F,T,T,F,F,F,T,F,F,F,F,F,F,F,F,F,F,T,F,T,F,F,T,F,F,F,T,F,F,F,T,F,F,F,F,F,F,F,F,F,F,F,F,F,T,F,F,F,F,T,F,F,F,F,F,F,F,F,F,F,F,F,F,T,F,F,F,F,F,F,F,T,F,F,F,F,F,F,F,F,F,F,F,F,F,F,F,T
NA,lake0053,1900,0.2048,0.995972118549347,0.00561619818957483,0.171834629141416,0.0155593616499731,0.878971501616367,0.0112720491488364,0.979968905448914,0,0.992663871396351,0,-0.000950755082779529,0.839504787481975,0.991960460927675,317,0.0749412982912281,0.00983909501520497,319,F,T,F,T,T,F,F,F,F,F,F,F,F,F,F,F,T,F,F,F,F,F,F,F,F,F,F,F,F,F,F,F,F,F,F,F,F,F,F,F,F,F,F,F,F,F,F,F,F,F,F,F,F,F,F,F,F,F,F,T,F,F,F,F,F,F,F,F,F,F,F,F,F,F,F,F,F,F,F,F,F,F,F,F,F,F,F,F,F,T,F,F,F,F,F,F,F,F,F,F
NA,lake0068,1300,0.0512,0.990098913349387,0.00393753158416104,0.0186282242069088,0.00141009294875845,0.949561905497583,0.00523539034828998,0.923695087432861,0,0.972626803901788,1.57085346994068e-271,-0.000650854369761097,0.851392932988544,0.980295858215636,316,0.0627497536581701,0.0337794034010341,318,F,T,F,T,F,F,F,F,F,F,F,F,F,F,F,F,F,F,T,F,F,F,F,F,F,F,F,F,F,F,F,F,F,F,F,F,F,F,F,F,F,F,F,F,F,F,F,F,F,F,F,F,F,F,F,F,F,F,F,F,F,F,F,F,F,F,F,F,F,F,F,F,F,F,F,F,F,F,F,F,F,F,F,F,F,F,F,F,F,F,F,F,F,F,F,F,F,F,F,F
NA,lake0081,2150,0.1024,0.993456449827115,0.00878501939368704,0.170260306964403,0.0178734626709131,0.859567640867805,0.026441186245999,0.976598262786865,0,0.985798878443044,1.54786413509703e-238,-0.0183159962565768,0.0300389051727435,0.986955717703096,251,0.0937284342859041,0.0113202509546533,253,F,F,F,T,F,F,F,F,F,F,F,F,F,F,F,F,F,F,F,F,F,F,F,F,T,T,F,F,F,T,T,F,F,F,F,F,F,F,F,F,F,T,T,F,F,F,F,F,F,F,F,F,F,F,F,F,F,F,F,F,F,F,F,T,F,F,F,F,F,F,F,F,F,F,F,F,F,F,F,F,F,F,F,F,F,F,F,F,F,F,F,F,F,F,F,F,F,F,F,F
NA,lake0082,1800,0.2048,0.998940607971167,0.00348259842080163,0.07152780333939,0.00586378204309221,0.979297645099498,0.00103191687924822,0.973959684371948,0,0.995627109059226,0,-0.000132770472285977,0.967982293753122,0.997882338253805,316,0.0590135443843329,0.0282930963176645,318,F,F,F,F,F,F,F,F,F,F,T,F,F,F,F,F,F,F,F,F,F,F,F,F,F,F,F,F,F,F,F,F,F,F,F,F,F,F,F,F,F,F,F,F,F,F,F,F,F,F,F,F,F,F,F,F,F,F,F,F,F,F,F,F,F,F,F,F,F,F,F,F,F,F,F,F,F,F,F,F,F,F,F,F,F,F,F,F,F,F,F,F,F,F,F,F,F,F,F,F
NA,lake0091,1150,0.2048,0.998432189663164,0.00414297026169077,0.163870800890237,0.020120250512505,0.937333233693747,0.00690527633613555,0.969113171100616,0,0.994912168998764,1.13833449302194e-308,0.0034131941393109,0.607066438043869,0.99686683735558,246,0.0643659091576493,0.0287493303364604,248,F,T,F,F,F,T,F,F,F,F,T,F,F,F,F,F,F,F,T,F,F,F,F,F,F,F,F,F,F,F,F,F,F,F,F,F,F,F,F,F,F,F,F,F,F,F,F,F,F,F,F,F,F,F,F,F,F,F,F,F,F,F,F,F,F,F,F,F,F,F,F,F,F,F,F,F,F,F,F,F,F,F,F,F,F,F,F,F,F,F,F,F,F,T,F,F,F,F,F,F
NA,lake0093,1900,0.2048,0.999727334371366,0.000627304082521561,0.0841421071913183,0.00885504699734739,0.964411093857539,0.00285575929373379,0.989207088947296,0,0.997769588327054,0,9.56241346029251e-05,0.947013291857461,0.999454743089278,316,0.0250460392581654,0.00974045134289878,318,F,T,F,F,F,F,F,F,F,F,F,F,F,F,F,F,F,T,F,F,F,F,F,F,F,F,F,F,F,F,F,T,F,T,F,F,F,F,F,F,F,F,F,F,F,F,F,T,F,F,F,F,F,F,F,F,F,F,F,F,F,F,F,F,F,F,F,F,F,F,F,F,F,F,F,F,F,F,F,F,F,F,F,F,F,F,F,F,F,F,F,F,F,F,F,F,F,F,F,F
NA,lake0107,2800,0.1024,0.999931352268308,5.05440079436365e-05,0.0527339634622653,0.00620933625420149,0.927284485925579,0.00804364186637869,0.993958711624146,0,0.999017588507934,0,0.000701838935445841,0.0917479810989122,0.999862709249127,316,0.00710943091559631,0.00340590105312912,318,T,F,F,F,F,F,F,F,F,T,F,F,F,T,F,F,T,F,T,F,F,T,T,F,F,F,F,F,F,F,F,T,F,F,F,F,F,F,F,F,F,F,F,T,F,F,F,F,F,F,F,F,F,F,F,F,F,F,F,T,F,F,F,F,F,F,F,T,F,F,F,F,F,F,F,F,F,F,F,F,F,F,F,F,F,F,F,F,F,F,F,F,F,F,F,F,F,F,F,F
NA,lake0115,1500,0.0512,0.99590275049777,0.0502694136985521,0.0829948931619114,0.0206094166530704,0.993665871574372,0.00138993281196788,0.954771816730499,0,0.994030674668195,0,0.00920697573340906,0.507693238298455,0.991822288449025,317,0.224208415762103,0.0451214737849344,319,F,F,F,F,F,F,F,F,F,F,F,F,F,F,F,F,F,F,F,F,F,F,F,F,F,F,F,F,F,F,F,F,F,F,F,F,F,F,F,F,F,F,F,F,F,F,F,F,F,F,F,F,F,F,F,F,F,F,F,F,F,F,F,F,F,F,F,F,F,F,F,F,F,F,F,F,F,F,F,F,F,F,F,F,F,F,F,F,F,F,F,F,F,F,F,F,F,F,F,F
NA,lake0118,1250,0.1024,0.994620257995534,0.0027563155084455,0.0552310985920769,0.00362231263397937,0.88584711307564,0.00871468006198653,0.933794736862183,0,0.97193853155725,1.11253853582949e-308,-0.000393993896099912,0.889890931094156,0.989269457615103,317,0.0525006238862502,0.0277871288216393,319,T,F,F,T,F,F,F,F,F,F,F,F,F,F,F,F,F,F,F,F,F,F,F,F,F,F,F,F,F,F,F,F,F,F,F,F,F,F,F,F,T,F,F,F,F,F,F,F,F,F,F,F,F,F,F,F,F,F,F,F,F,F,F,F,F,F,F,F,T,F,F,F,F,T,F,F,F,F,F,F,T,F,F,F,F,F,F,F,F,F,F,F,F,F,F,F,F,F,F,F
NA,lake0141,1100,0.4096,0.997492605996936,0.0127269336270414,0.0391728193704071,0.00345890352430387,0.992236439142637,0.000893034188289442,0.962456583976746,0,0.98247990424117,0,0.00867037829726485,0.217642985166074,0.994991499018559,316,0.112813712052398,0.0453727694080595,318,F,F,F,F,F,F,F,F,F,F,F,F,F,F,F,F,F,F,F,F,F,F,F,F,F,F,F,F,F,F,F,F,F,F,F,F,F,F,F,F,F,F,F,F,F,F,F,F,F,F,F,F,F,F,F,F,F,F,F,F,F,F,F,F,F,F,F,F,F,F,F,F,F,F,F,F,F,F,F,F,F,F,F,F,F,F,F,F,F,F,F,F,F,F,F,F,F,F,F,F
NA,lake0177,2550,0.1024,0.999586167922117,0.000119183931029131,0.0438470958812329,0.00569363807715856,0.823022341211715,0.0261424059446349,0.987535536289215,0,0.992572629859475,0,-0.000143274073638598,0.834862973671919,0.999172507101222,242,0.0109171393244353,0.00372276993439502,244,F,T,F,T,F,F,T,F,F,T,F,T,F,F,F,F,F,F,F,F,F,F,F,T,F,F,F,F,F,T,F,F,F,F,F,F,F,F,F,F,F,F,F,F,F,F,F,T,F,F,F,F,F,F,F,F,F,F,F,F,F,F,F,F,F,T,F,T,F,F,F,F,F,F,F,F,F,F,F,F,F,F,F,F,F,F,F,F,F,F,F,F,F,F,F,F,F,F,F,F
NA,lake0203,1650,0.2048,0.998683878927315,0.000790229468616781,0.0292063544432706,0.00312797562187683,0.950802030558556,0.00721864643508024,0.972230136394501,0,0.996345626525912,0,0.000917138267926853,0.575139131871009,0.997369490029308,317,0.0281110204122295,0.0139538657319649,319,F,T,F,F,F,F,F,F,F,F,F,F,T,T,F,F,F,F,F,F,F,F,F,F,F,F,F,F,F,F,F,F,F,F,F,F,F,F,F,F,F,F,F,F,F,F,F,F,F,F,F,F,F,F,F,F,F,F,F,F,F,F,F,F,F,F,F,F,F,F,F,F,F,F,F,F,F,F,F,F,F,F,F,F,F,F,F,F,F,F,F,F,F,F,F,F,F,F,F,F
NA,lake0209,2750,0.1024,0.99719088490998,0.00314925549936568,0.0638532206329316,0.00832191343819894,0.943856835272031,0.00760561890420432,0.98241776227951,0,0.985333248670108,6.80617725974598e-279,0.00250160159938976,0.531650129749411,0.994389660947549,246,0.0561182278708592,0.0109244206810601,248,F,F,F,F,T,F,T,F,F,F,F,F,F,F,F,F,F,F,F,F,F,T,F,F,F,F,F,F,F,F,F,F,F,F,F,F,F,F,F,F,F,F,F,F,T,F,F,F,F,F,F,F,F,F,T,F,F,F,F,F,F,F,F,F,F,F,F,F,F,F,F,F,F,F,F,F,F,F,F,F,F,F,F,F,F,F,F,F,F,F,F,F,F,F,F,F,F,F,F,F
NA,lake0221,2100,0.1024,0.999135670034808,0.000258328437713134,0.0409993415924966,0.00385442384898981,0.846786005500546,0.0240461771681872,0.988373756408691,0,0.997549946295174,0,0.000163132031403279,0.885102818881598,0.998272087135905,316,0.0160725989719502,0.00300533521066179,318,F,T,T,T,F,T,T,F,F,F,F,T,F,T,F,F,F,T,F,T,F,F,F,F,F,F,F,F,F,T,F,F,F,T,F,F,F,F,F,F,F,F,F,F,F,F,F,F,F,F,F,F,F,F,F,F,T,F,F,T,F,F,F,F,F,F,F,F,F,T,F,F,F,F,F,F,F,F,F,F,F,F,F,T,F,F,F,T,F,F,F,F,F,F,F,F,F,F,F,F
NA,lake0222,1650,0.1024,0.998266951664144,0.000304711699295292,0.027942217081134,0.00341328005834185,0.826797922994142,0.0151143927048885,0.982058763504028,0,0.990541268039338,0,0.00189559117395549,0.069697117484158,0.996536906784823,317,0.0174559932199601,0.00491058441130837,319,F,F,F,T,F,T,F,F,T,F,F,F,T,T,F,F,F,F,T,F,F,F,F,F,F,F,F,F,F,T,F,F,F,T,T,T,F,F,F,F,F,F,T,F,T,F,F,F,F,F,F,F,F,F,F,F,F,F,F,F,F,F,F,T,F,F,F,F,F,F,F,F,F,F,F,F,F,F,F,F,F,F,F,F,T,T,F,F,F,F,F,F,F,F,F,F,F,F,F,F
NA,lake0223,2350,0.1024,0.999619438152996,0.000742343467441913,0.208041117158965,0.0220326030946165,0.880483534991487,0.0240680249333193,0.99329674243927,0,0.998485879977804,0,0.00162726693283196,0.287567600678805,0.999239021133311,317,0.0272459807575707,0.00421219584950983,319,F,T,F,T,F,F,F,F,T,F,T,F,F,F,F,F,F,F,F,F,T,F,F,F,F,F,F,F,F,T,T,F,F,T,F,F,F,F,F,T,F,F,F,T,F,F,F,F,F,F,F,F,F,T,T,F,T,F,F,F,F,F,F,F,F,F,F,F,T,T,T,T,F,F,F,F,F,F,F,F,F,F,F,F,F,F,F,F,F,F,F,F,F,F,F,F,F,F,F,F
NA,lake0224,1650,0.0512,0.992482077960342,0.00354308637516172,0.0504705110125937,0.00398191978677996,0.888458837148354,0.0106305938836493,0.930679678916931,0,0.959982705476555,2.95015495434365e-291,0.00366897802418359,0.25337053367704,0.985020675072478,317,0.0595238303132596,0.0337759534289225,319,F,F,F,F,F,T,F,T,F,F,F,F,F,F,F,F,F,F,F,F,F,F,F,T,T,F,F,F,F,F,F,F,F,F,F,F,T,F,F,F,F,T,F,F,F,F,F,F,F,F,F,F,F,F,F,T,F,F,F,F,F,F,F,F,F,F,F,F,F,F,F,F,F,F,F,F,F,F,F,F,F,F,F,F,F,F,F,F,F,F,F,F,F,F,F,F,F,F,F,F
NA,lake0231,1700,0.2048,0.998013965839353,0.000348852526879895,0.00686631218059088,0.000610089060623327,0.96013471180123,0.0029021886004119,0.967649102210999,0,0.990103262975619,0,2.82629338868516e-05,0.979183591777927,0.996031876010392,316,0.0186775942476513,0.00919128900725647,318,F,T,F,F,T,F,F,F,F,F,F,F,F,F,F,F,F,F,F,F,F,F,F,F,F,F,F,F,F,F,F,F,F,F,F,F,F,F,F,F,F,F,F,F,F,F,F,F,F,F,F,F,F,F,F,F,F,F,F,F,F,F,F,F,F,F,F,F,F,F,F,F,F,F,F,F,F,F,F,F,F,F,F,F,F,F,F,F,F,F,F,F,F,F,F,F,F,F,F,F
NA,lake0232,1750,0.1024,0.993588222088788,0.00282652723691429,0.0282787060734727,0.00371612020196691,0.938743088355737,0.0062432191230638,0.955161452293396,0,0.975129282481068,3.15885574739819e-301,0.000915989941665698,0.769158483366357,0.987217555073559,316,0.0531650941588021,0.0182638071143703,318,F,F,F,F,T,T,F,F,F,F,F,F,F,F,F,T,F,F,F,F,F,F,F,F,F,F,F,F,F,F,F,F,F,F,F,T,F,F,F,F,F,F,F,F,F,F,F,F,F,F,F,F,F,F,F,F,F,F,F,F,F,F,F,F,F,F,F,F,F,F,F,F,F,F,F,F,F,F,F,F,F,F,F,F,F,F,F,F,F,F,F,F,F,F,F,F,F,F,F,F
NA,lake0234,1900,0.2048,0.995143084636001,0.000849445843183364,0.0402576506615127,0.00309658948615673,0.756969061096605,0.020778999274319,0.993395209312439,0,0.987109791372324,1.11253692925375e-308,-0.000106950900323516,0.951281579692613,0.990309758898855,317,0.0291452542137372,0.000686919692505852,319,F,F,T,F,T,F,T,F,T,F,F,F,F,T,F,F,F,T,T,T,T,F,T,T,F,T,F,F,F,F,F,F,F,F,F,F,F,F,F,F,F,F,F,F,F,F,F,F,T,F,T,F,F,F,F,F,F,F,F,F,F,F,F,F,F,F,T,F,F,F,F,F,F,F,F,F,T,F,F,F,T,F,F,F,F,F,F,F,F,F,F,F,F,F,F,F,F,F,F,F
NA,lake0236,2800,0.1024,0.999802508089171,0.000155109266777209,0.0473636019560284,0.00515977404577643,0.938730105703491,0.00848988838997603,0.988170206546783,0,0.998731910587656,0,-0.00128035112922325,0.211004222290278,0.999605055181397,317,0.0124542870842618,0.00579931078687723,319,F,T,T,F,T,F,F,F,F,F,T,F,T,F,F,F,F,F,F,F,F,F,F,F,F,T,F,F,F,F,F,F,F,F,F,F,F,F,F,F,F,F,F,F,F,F,F,F,F,F,F,F,F,F,F,F,F,F,F,F,F,F,F,F,F,F,T,F,F,F,F,F,F,F,F,F,F,F,F,F,F,F,F,F,F,F,F,F,F,F,F,F,F,F,F,F,F,F,F,F
NA,lake0238,1300,0.0512,0.983751229268552,0.0139128285175167,0.164912178955616,0.0223869100974683,0.772634116426878,0.0247336097070175,0.870641171932221,0,0.92384497343468,1.7176595432025e-185,0.00206791196025354,0.763312907827816,0.967766481087386,246,0.11795265371121,0.0490206197766469,248,F,T,F,F,F,T,T,F,T,F,F,F,F,T,F,F,F,F,F,F,F,F,T,F,F,F,F,F,F,F,F,F,F,F,T,F,F,F,F,F,F,F,F,F,F,F,F,F,F,F,F,F,F,T,F,F,F,F,F,F,F,F,T,F,F,F,F,T,T,T,F,F,F,F,F,F,F,F,F,F,F,F,F,F,F,F,F,F,F,F,F,F,F,F,F,T,F,F,F,F
NA,lake0244,1850,0.2048,0.979619176434264,0.0131427688995122,0.0400393811082601,0.00334704121151512,0.934971503565621,0.00759196497097406,0.889230728149414,0,0.956890006942402,2.38546217532084e-222,-0.00236209357418763,0.712089335909105,0.959653730837746,316,0.114641915979768,0.0438650039490767,318,F,F,F,F,F,F,F,F,F,F,F,F,F,F,F,F,F,F,F,F,F,F,F,F,F,F,F,F,F,F,F,F,F,F,F,F,F,F,F,F,F,F,F,F,F,F,F,F,F,F,F,F,F,F,F,F,F,F,F,F,F,F,F,F,F,F,F,F,F,F,F,F,F,F,F,F,F,F,F,F,F,F,F,F,F,F,F,F,F,F,F,F,F,F,F,F,F,F,F,F
NA,lake0252,2950,0.1024,0.998599838592802,0.00176195693251862,0.112580498772567,0.00657835863035996,0.905104810609535,0.00896609377016646,0.98308402299881,0,0.993880052434774,0,-0.00420375745679478,0.258220547390193,0.997201637637571,317,0.041975670721486,0.00697684485458927,319,F,F,F,F,T,F,F,F,F,F,F,F,F,F,F,F,F,F,T,T,F,T,F,F,F,T,F,F,F,F,F,F,F,F,F,F,F,T,F,F,F,F,F,F,F,F,F,F,F,F,F,F,F,F,F,F,F,F,F,F,F,F,F,F,F,F,F,F,F,F,F,F,F,F,F,F,F,F,F,F,F,F,F,F,F,F,F,F,F,F,F,F,F,F,F,F,F,F,T,F
NA,lake0259,1750,0.0512,0.988995822225721,0.000251627080890202,0.00226781529030288,0.000341866058241259,0.891986992429192,0.0208377773017818,0.919370353221893,0,0.958545622476276,7.28420299357637e-198,-0.00369001826254118,0.00626395885313553,0.978112736379929,236,0.0158627576697812,0.00779002091583391,238,F,F,F,F,F,F,F,F,F,T,F,F,F,T,F,F,F,F,F,T,F,F,F,F,F,F,F,F,F,F,F,T,F,F,F,F,F,F,F,F,F,F,F,F,F,F,F,F,F,F,F,F,F,F,F,F,F,F,F,F,F,F,F,F,F,F,T,F,F,F,F,F,F,F,F,F,F,F,F,F,F,F,F,F,F,F,F,F,F,F,F,F,F,F,F,F,F,F,F,F
NA,lake0264,1250,0.4096,0.990697795297642,0.00737818480503745,0.0267318089676223,0.00316241804297939,0.964080505154301,0.00553893856656245,0.92830216884613,0,0.97018386753834,8.61390260057438e-276,0.00439166537802349,0.363996606828218,0.981482121607609,316,0.0858963608369846,0.037660357456696,318,F,F,F,F,F,F,F,F,F,F,F,F,F,F,F,F,F,F,F,F,F,F,F,F,F,F,F,F,F,F,F,F,F,F,F,F,F,F,F,F,F,F,F,F,F,F,F,F,F,F,F,F,F,F,F,F,F,F,F,F,F,F,F,F,F,F,F,F,F,F,F,F,F,F,F,F,F,F,F,F,F,F,F,F,F,F,F,F,F,F,F,F,F,F,F,F,F,F,F,F
NA,lake0266,1300,0.1024,0.994300787076425,0.00160526800955771,0.0385741892348201,0.0038446924061609,0.836621356900691,0.0138693661878358,0.949961602687836,0,0.963230642888143,1.12719183747146e-308,-0.0083545162177201,0.00208506043793108,0.988634055180798,317,0.0400657960055421,0.0174061232001591,319,T,F,F,T,F,F,F,F,F,F,F,F,F,F,F,F,F,F,F,F,F,F,F,F,F,F,F,F,F,T,F,T,F,F,T,T,F,F,F,F,F,F,F,F,F,F,F,F,F,F,F,F,F,F,F,F,F,F,F,F,F,F,F,T,F,F,T,F,F,F,F,F,F,F,F,F,F,T,F,F,F,F,F,F,F,F,F,F,F,F,F,F,F,F,F,F,F,F,F,F
NA,lake0269,1600,0.2048,0.99928930479121,0.0396639361389439,0.722971346258207,0.0617031096585474,0.98725602089239,0.00110604280391799,0.974330246448517,0,0.999820438317427,0,-0.011255737472638,0.349803065815567,0.9985791146701,317,0.199158068224574,0.0861528409543819,319,F,F,F,T,F,F,F,F,F,F,F,F,F,F,F,F,F,F,F,F,F,F,T,F,F,F,F,F,F,F,F,F,F,F,F,F,F,F,F,F,F,F,F,F,F,F,F,F,F,F,F,F,F,F,F,F,F,F,F,F,F,F,F,F,F,F,F,F,F,F,F,F,F,F,F,F,F,F,F,F,F,F,F,F,F,F,F,F,F,F,F,F,F,F,F,F,F,F,F,F
NA,lake0270,1450,0.1024,0.999295818890138,0.000252591337239957,0.00342274962555087,0.000399771028370339,0.990632346159949,0.000942355423686358,0.974201738834381,0,0.996146374445629,0,-0.000611619619196754,0.49433344104558,0.998592133651312,317,0.01589312232508,0.00907873156144247,319,F,F,F,T,F,T,T,F,F,F,F,F,F,F,F,F,F,F,F,F,F,F,F,F,F,F,F,F,F,F,F,F,F,F,F,F,F,F,F,F,F,F,F,F,F,F,F,F,F,F,F,F,F,F,F,F,F,F,F,F,F,F,F,F,F,F,F,F,F,F,F,F,F,F,F,F,F,F,F,F,F,F,F,F,F,F,F,F,F,F,F,F,F,F,F,F,F,F,F,F
NA,lake0274,2050,0.1024,0.989463827220755,0.01634152703653,0.207314413121103,0.0186361670091155,0.846706939107222,0.0194052378174391,0.967329740524292,0,0.970248607223808,8.42310173369509e-207,-0.0289222103888565,0.00430596178578982,0.979038665378343,244,0.127833982322894,0.0190295415771296,246,F,F,F,F,T,F,T,F,F,F,F,T,F,F,F,F,F,F,F,F,F,F,F,F,F,F,F,F,F,F,F,F,F,F,F,F,F,F,F,F,F,F,F,F,F,F,T,F,F,F,F,T,F,F,F,F,F,F,F,F,F,T,F,F,F,F,F,F,F,F,F,F,F,F,F,F,F,F,F,F,F,F,F,F,F,F,F,F,T,F,F,F,F,F,F,F,F,F,F,F
NA,lake0275,1750,0.2048,0.981730395738937,0.0386202310871368,0.129846719124236,0.0321079039177712,0.942679041284305,0.012155711807803,0.921238660812378,0,0.934999178829403,1.67748144516011e-230,-0.00838248785417644,0.457935605083682,0.96379456991773,317,0.196520307060458,0.0313004793092277,319,F,F,F,F,F,F,F,F,F,F,F,F,F,F,F,F,F,F,F,F,F,F,F,F,F,F,F,F,F,F,F,F,F,F,F,F,F,F,F,F,F,F,F,F,F,F,F,F,F,F,F,F,F,F,F,F,F,F,F,F,F,F,F,F,F,F,F,F,F,F,F,F,F,F,F,F,F,F,F,F,F,F,F,F,F,F,F,F,F,F,F,F,F,F,F,F,F,F,F,F
NA,lake0278,1700,0.1024,0.997840411557812,0.00158705056900238,0.00963173484249274,0.000805325152133421,0.986645649183172,0.00132022922149941,0.955008864402771,0,0.989274286333929,0,-0.00369656306532848,0.129169534712021,0.995685486937864,317,0.0398378032652703,0.0200534902333415,319,F,T,F,F,F,F,F,F,F,F,F,F,F,F,F,F,F,F,F,F,F,F,F,F,F,F,F,F,F,F,F,F,F,F,F,F,F,F,F,F,F,F,F,F,F,F,F,F,F,F,F,F,F,F,F,F,F,F,F,F,F,F,F,F,F,F,F,F,F,F,F,F,F,F,F,F,F,F,F,F,F,F,F,F,F,F,F,F,F,F,F,F,F,F,F,F,F,F,F,F
NA,lake0285,2150,0.1024,0.997957975632746,0.00472669277809812,0.0478491520978212,0.00536000362143072,0.980443640921907,0.00187691301218091,0.95685738325119,0,0.990435410873308,0,-0.011533178959721,0.0345535072914408,0.995920121129009,316,0.0687509474705485,0.0327235741557669,318,F,F,F,F,F,F,F,F,T,F,F,F,F,F,F,F,F,F,F,F,F,F,F,F,F,F,F,F,F,F,F,F,F,F,F,F,F,F,F,F,F,F,F,F,F,F,F,F,F,F,F,F,F,F,F,F,F,F,F,F,F,F,F,F,F,F,F,F,F,F,F,F,F,F,F,F,F,F,F,F,F,F,F,F,F,F,F,F,F,F,F,F,F,F,F,F,F,F,F,F
NA,lake0314,2850,0.1024,0.999705833705163,0.000120190653578069,0.0146404492186507,0.00108641998695415,0.961978753962614,0.00382831219141097,0.98634672164917,0,0.995800406623079,0,0.00128900088880444,0.121250104685187,0.999411753944135,317,0.0109631498018621,0.00473344003088824,319,F,T,F,T,F,T,F,F,F,F,F,F,F,F,T,F,F,F,F,F,F,F,F,F,F,F,T,F,F,F,F,F,F,F,F,F,F,F,F,F,F,F,F,F,F,F,F,F,F,F,F,F,F,F,F,F,F,F,F,F,F,F,F,F,F,F,F,F,F,F,F,F,F,F,F,F,F,F,F,F,F,F,F,F,F,F,F,F,F,F,F,F,F,F,F,F,F,F,F,F
NA,lake0315,1750,0.2048,0.997937194219172,0.000940065173350177,0.0345463897310555,0.00351284773115253,0.919786527818216,0.00785561034315686,0.990437150001526,0,0.991859288684385,0,0.00302752959558656,0.244319126541811,0.995878643606033,316,0.0306604822752379,0.0033224215705385,318,F,F,T,T,F,T,F,F,F,F,T,F,F,F,T,F,F,F,F,T,F,F,F,F,F,F,F,F,F,F,F,T,F,F,F,F,F,F,F,F,F,F,T,F,F,F,F,F,F,F,F,F,F,F,F,F,F,F,F,F,F,F,F,F,F,F,F,F,F,F,F,F,F,F,F,F,F,F,F,F,F,F,F,F,T,F,F,F,F,F,F,F,F,F,F,F,F,F,F,F
NA,lake0316,1300,0.2048,0.963399623907879,0.00619394794568671,0.0130527079026973,0.00116979864470026,0.922450372762309,0.00740759574703784,0.873895764350891,0,0.923590807722567,2.63933780689712e-183,-0.0229853540670959,0.000355750576332977,0.928138835345842,317,0.0787016387738318,0.0231630245396698,319,F,F,F,F,F,F,F,F,F,F,F,F,F,F,F,F,F,F,F,F,F,F,F,F,F,F,F,F,F,F,F,F,F,F,F,F,F,F,F,F,F,F,F,F,F,F,F,F,F,F,F,F,F,F,F,F,F,F,F,F,F,F,F,F,F,F,F,F,F,F,F,F,F,F,F,F,F,F,F,F,F,F,F,F,F,F,F,F,F,F,F,F,F,F,F,F,F,F,F,F
NA,lake0317,2000,0.2048,0.999626288160696,0.000310665163984617,0.035975789274286,0.00366407544503509,0.954333947552114,0.00597640577848467,0.992341816425323,0,1.00011521087227,0,-0.000997423588351336,0.441148213953775,0.999252715981932,316,0.0176256961276602,0.00401825963387909,318,F,F,F,T,F,F,F,F,F,F,T,F,F,T,F,F,T,T,T,F,F,F,F,F,F,F,F,F,F,F,F,F,F,F,F,F,F,F,F,F,F,F,F,F,F,F,F,F,F,F,F,F,F,F,F,F,F,F,F,F,F,F,F,F,F,F,F,F,F,F,F,F,F,F,F,F,F,F,F,F,F,F,F,F,F,F,F,F,F,F,F,F,F,F,F,F,F,F,F,F
NA,lake0319,2650,0.1024,0.994251277009444,0.0700820763524339,0.76324608918782,0.0684487149529599,0.934113445717844,0.00875172444126648,0.939367234706879,0,0.97678034625689,1.02028096702412e-240,-0.106261287614131,0.00113817927525365,0.98853560183491,246,0.264730195392278,0.128876965779287,248,F,F,F,F,F,F,T,F,F,F,F,F,F,F,F,F,F,F,F,F,F,F,F,F,F,F,F,F,F,F,F,F,F,F,F,F,F,F,F,F,F,F,F,F,F,F,F,F,F,F,F,F,F,F,F,F,F,F,F,F,F,F,F,F,F,F,F,F,F,F,F,F,F,F,F,F,F,F,F,F,F,F,F,F,F,F,F,F,F,F,F,F,F,F,F,F,F,F,F,F
NA,lake0331,1400,0.2048,0.998001791714724,0.0288195009257825,1.52281950560926,0.112861199354108,0.892584982599219,0.00538442509967675,0.987224280834198,0,0.995665283369854,0,-0.00857174107081701,0.373561324254478,0.9960075762658,317,0.169763072915704,0.0279999502549586,319,F,T,F,F,T,F,F,F,T,F,F,T,F,F,T,F,F,F,F,F,F,F,F,T,F,F,F,F,F,F,F,T,F,F,T,F,F,F,F,F,F,F,T,F,F,F,F,F,F,F,F,F,F,F,F,F,F,F,F,F,F,F,F,F,F,F,F,F,F,F,F,F,F,F,F,F,F,F,F,F,F,F,F,F,F,F,F,F,T,F,F,F,F,F,F,F,F,F,F,F
NA,lake0333,1900,0.2048,0.998753036485937,0.000166510082197974,0.00894262634045871,0.00114495212210681,0.926087234977568,0.0148704786028161,0.984217405319214,0,0.995737264208841,0,-0.000718549270696636,0.347159390606918,0.997507627889878,317,0.0129038785718858,0.00314245971834226,319,F,T,F,T,T,F,F,F,F,F,F,T,T,F,F,F,F,F,F,F,F,F,F,F,F,F,F,F,F,F,F,F,F,F,F,F,F,F,F,F,F,F,F,F,F,F,F,F,F,F,F,F,F,F,F,F,F,F,F,F,F,F,F,F,F,F,F,F,F,F,F,F,F,F,F,F,F,F,F,F,F,F,F,F,F,F,F,F,F,F,F,F,F,F,F,F,F,F,F,F
NA,lake0334,1600,0.2048,0.999861200653702,1.93908595440985e-05,0.0185856757144426,0.00207328029071972,0.846567181891741,0.0260689021218234,0.99250054359436,0,0.999210000640609,0,-0.000262466723874821,0.502013263053887,0.999722420572663,316,0.00440350537005446,0.00181998827722935,318,F,T,F,T,T,F,T,T,T,T,F,T,T,F,F,F,F,F,F,F,F,F,F,F,F,F,F,T,F,F,F,F,F,F,F,F,F,F,F,F,F,F,F,F,F,F,F,F,F,F,F,F,F,F,F,F,F,F,F,F,F,F,F,F,F,F,F,F,F,F,F,F,F,F,F,F,F,F,F,F,F,F,F,F,F,F,F,F,F,F,F,F,F,F,F,F,F,F,F,F
NA,lake0335,1500,0.2048,0.998358750130345,0.000475417594512677,0.0045048591493585,0.000386321393409844,0.984270513550588,0.00195548884324877,0.963772058486938,0,0.995333314963166,0,-0.00221912312643282,0.0835651852465145,0.996720193961825,316,0.0218040728881711,0.0118913281173305,318,F,F,F,F,F,F,F,F,F,F,F,F,F,F,F,F,F,F,F,F,F,F,F,F,F,F,F,F,F,F,T,F,F,F,F,F,F,F,F,F,F,F,F,F,F,F,F,F,F,F,F,F,F,F,F,F,F,F,F,F,F,F,F,F,F,F,F,F,F,F,F,F,F,F,F,F,F,F,F,F,F,F,F,F,F,F,F,F,F,F,F,F,F,F,F,F,F,F,F,F
NA,lake0336,1450,0.4096,0.998651666596308,0.000367584738771312,0.00613373816151421,0.000622558915879347,0.975512978471892,0.00329330452840108,0.965151488780975,0,1.0015571012707,0,-0.000291886817862587,0.793420851700994,0.997305151195584,317,0.0191724995441729,0.0111898099352024,319,F,F,F,F,F,F,F,F,T,F,F,F,F,F,F,F,F,F,F,F,F,F,F,F,F,F,F,F,F,F,F,F,F,F,F,F,F,F,F,F,F,F,F,F,F,F,F,F,F,F,F,F,F,F,F,F,F,F,F,F,F,F,F,F,F,F,F,F,F,F,F,F,F,F,F,F,F,F,F,F,F,F,F,F,F,F,F,F,F,F,F,F,F,F,F,F,F,F,F,F
NA,lake0337,1700,0.2048,0.99936570761349,6.45500837211406e-05,0.00591679539097469,0.000257390189118158,0.938968202116855,0.00594341223333899,0.978983163833618,0,0.997063757783017,0,4.85984698528127e-05,0.930547427478099,0.998731817553812,317,0.00803430667333159,0.00462561409975107,319,F,F,F,F,T,T,F,F,T,F,F,F,F,F,F,F,F,F,F,F,F,F,F,F,F,T,F,F,F,F,F,F,F,F,F,F,F,F,F,F,F,F,F,F,F,F,F,F,F,F,F,F,F,F,F,F,F,F,F,F,F,F,F,F,F,F,F,F,F,F,F,F,F,F,F,F,F,F,F,F,F,F,F,F,F,F,F,F,F,F,F,F,F,F,F,F,F,F,F,F
NA,lake0338,1800,0.2048,0.99878682460753,0.000154591289225248,0.00313570160977376,0.000335076364781227,0.973195836026206,0.0041316109805992,0.985863626003265,0,0.999241063836451,0,0.000702456752387486,0.330225711556721,0.997575121009592,317,0.0124334745435557,0.00235582464850359,319,F,T,F,F,T,T,F,F,F,F,T,F,F,F,F,F,F,F,F,F,F,F,F,F,F,F,F,F,T,F,F,F,F,F,F,F,F,F,F,F,F,F,F,F,F,F,F,F,F,F,F,F,F,F,F,F,F,F,F,F,F,F,F,F,F,F,F,F,F,F,F,F,F,F,F,F,F,F,F,F,F,F,F,F,F,F,F,F,F,F,F,F,F,F,F,F,F,F,F,F
NA,lake0340,1550,0.1024,0.996643785571488,5.19552615840904e-05,0.00350072540218508,0.00038447617847633,0.751914009698913,0.022318725629382,0.965103268623352,0,0.981081399811353,0,0.0026331156169219,0.00129750078292767,0.993298835318267,317,0.00720799983241471,0.00202554222035284,319,F,F,T,T,F,F,T,F,T,F,F,T,F,F,T,T,F,F,F,F,F,T,F,F,F,F,F,F,F,F,F,F,F,F,F,F,F,F,F,F,F,F,T,F,F,F,F,F,F,F,T,F,F,F,F,F,F,F,F,F,F,T,F,F,F,F,F,F,F,T,F,F,F,F,T,F,F,F,F,F,F,F,F,F,F,F,F,F,F,F,F,F,T,F,F,F,F,F,F,T
NA,lake0343,4600,0.0256,0.991454380176598,0.0233007645190288,0.292240028125383,0.0260426739050915,0.871413555461217,0.00864278799259339,0.914965450763702,0,0.950159893771556,1.37993149725235e-281,-0.0757949923262567,8.3759338097395e-09,0.982981787971362,316,0.152645879469538,0.0705079853202098,318,T,F,F,T,F,F,F,F,F,F,F,F,F,F,F,F,F,F,F,F,F,F,F,F,F,F,F,F,F,F,F,F,F,F,F,F,F,F,F,F,F,F,F,F,F,T,F,F,F,F,F,F,F,F,F,F,F,F,F,F,F,F,T,F,F,F,F,F,F,F,F,F,F,F,F,F,F,F,F,F,F,F,F,F,F,F,F,F,F,F,F,F,F,F,F,F,F,F,F,F
NA,lake0344,1450,0.2048,0.998055358998814,0.00345816553628484,0.0368312708743303,0.00337572392647384,0.980300650716772,0.00247500851159672,0.957918405532837,0,0.993724548572139,0,0.00236083906263956,0.473370278770059,0.996114499626251,316,0.0588061692026001,0.0279257028858733,318,F,F,F,F,F,F,F,F,F,F,F,F,F,T,F,F,F,F,F,F,F,F,F,F,F,F,F,F,F,F,F,F,F,F,F,F,F,F,F,F,F,F,F,F,F,F,F,F,F,F,F,F,F,F,F,F,F,F,F,F,F,F,F,F,F,F,F,F,F,F,F,F,F,F,F,F,F,F,F,F,F,F,F,F,F,F,F,F,F,F,F,F,F,F,F,F,F,F,F,F
NA,lake0347,1750,0.2048,0.996493724550741,0.00672230804533746,0.261314808184433,0.0138279940185151,0.859687137208669,0.0114379074958357,0.949409604072571,0,0.982426665601598,0,0.00766283536062282,0.142014488197684,0.992999743069009,317,0.0819896825541937,0.0425675100080412,319,F,F,F,F,F,F,F,F,F,F,F,F,F,F,F,F,F,F,F,F,F,F,F,F,F,F,F,F,F,F,F,F,F,F,F,F,F,F,F,T,F,F,F,F,F,F,F,F,F,F,F,F,F,F,F,F,F,F,F,F,F,F,F,F,F,F,F,F,F,F,F,F,F,F,F,F,F,F,F,F,F,F,F,F,F,F,F,F,F,F,F,F,F,F,F,T,F,F,F,F
NA,lake0348,1850,0.2048,0.999947489756029,3.43862024873585e-05,0.0931363913382817,0.00568119348264191,0.844380517028054,0.017119032034547,0.993967056274414,0,0.999852218028205,0,0.000236956927745266,0.483555504033992,0.999894982269384,317,0.0058639749732889,0.00285418134244175,319,F,T,T,F,T,T,F,T,F,T,T,T,F,T,F,F,F,F,F,F,F,F,F,F,F,F,F,F,F,F,T,F,F,F,F,F,F,F,T,F,F,F,T,F,F,F,F,F,F,F,F,F,F,F,F,F,F,F,F,F,F,F,F,F,F,F,F,F,F,F,F,T,F,F,F,F,F,F,F,F,F,F,F,F,F,F,F,F,F,F,F,F,F,F,F,F,F,F,F,F
NA,lake0351,2400,0.2048,0.999908940037968,4.84339482930984e-05,0.050441214724032,0.00384613787367757,0.907481095915584,0.0058187215014005,0.992579877376556,0,1.00050749452036,0,-0.000117788342410291,0.766304357522109,0.999817888367853,316,0.00695945028670357,0.00372706660698083,318,F,T,F,F,F,F,F,F,F,F,F,F,F,F,T,F,F,F,F,T,F,F,F,F,F,F,F,F,F,F,F,F,F,F,F,F,F,F,F,F,F,F,F,F,F,T,F,F,F,F,F,F,F,F,F,F,F,F,F,F,F,F,F,F,F,F,F,F,F,F,F,F,F,F,F,F,F,F,F,F,F,F,F,F,T,F,F,F,F,F,F,F,F,F,F,F,F,F,F,F
NA,lake0353,1250,0.2048,0.996887157503264,0.0735848506333223,1.20682844523866,0.0985992649748497,0.944926965433357,0.00853207279917827,0.951391875743866,0,0.988549596531746,0,0.010665691580011,0.481272989879102,0.993784004794938,316,0.271265277234891,0.169453078166555,318,F,F,F,F,F,T,F,F,F,F,F,F,F,F,F,F,F,F,F,F,F,F,F,F,F,F,F,F,F,F,F,F,F,F,F,F,F,F,F,F,F,F,F,F,F,F,F,F,F,F,F,F,F,F,F,F,F,F,F,F,F,F,F,F,F,F,F,F,F,F,F,F,F,F,F,F,F,F,F,F,F,F,F,F,F,F,F,F,F,F,F,F,F,F,F,F,T,F,F,F
NA,lake0355,1200,0.2048,0.99959323265695,0.000151018866935274,0.063536378589428,0.00526400572001064,0.81104448144653,0.0207767028328575,0.98227059841156,0,0.997340841299368,0,-0.00214031799555105,0.153663371522199,0.999186630773571,315,0.012288973388175,0.00532464236665475,317,F,F,F,F,F,F,F,F,F,T,T,T,F,F,F,F,F,F,T,F,F,T,F,F,T,F,F,F,T,F,F,F,T,F,F,F,T,F,F,F,T,T,F,F,F,F,F,F,F,F,F,F,F,F,F,F,F,F,F,F,F,F,F,F,F,F,F,F,F,F,F,F,F,F,F,F,F,F,F,F,T,F,F,F,T,F,F,F,T,F,F,F,F,F,F,F,F,F,F,F
NA,lake0368,1050,0.4096,0.995818610061364,0.00650121106173645,0.021935712093914,0.00188640836568535,0.986427464696432,0.00103091395044411,0.93128913640976,0,0.988509642055653,0,-0.0046038084747074,0.307742717104146,0.991654704144547,317,0.0806300878192282,0.0379431928095761,319,F,F,F,F,F,F,F,F,F,F,F,F,F,F,F,F,F,F,F,F,F,F,F,F,F,F,F,F,F,F,F,F,F,F,F,F,F,F,F,F,F,F,F,F,F,F,F,F,F,F,F,F,F,F,F,F,F,F,F,F,F,F,F,F,F,F,F,F,F,F,F,F,F,F,F,F,F,F,F,F,F,F,F,F,F,F,F,F,F,F,F,F,F,F,F,F,F,F,F,F
NA,lake0372,2250,0.1024,0.978219781407255,0.0184553815136858,0.0379948891770273,0.0120704148754108,0.956017049659952,0.0108774820987352,0.92233669757843,0,0.943807620947883,1.59569161138495e-218,0.0255629304714232,0.0067537848631683,0.956913940736458,317,0.13585058525338,0.0329182528338243,319,F,F,F,F,F,F,F,F,F,F,F,F,F,F,F,F,F,F,F,F,F,F,F,F,F,F,F,F,F,F,F,F,F,F,F,F,F,F,F,F,F,F,F,F,F,F,F,F,F,F,F,F,F,F,F,F,F,F,F,F,F,F,F,F,F,F,F,F,F,F,F,F,F,F,F,F,F,F,F,F,F,F,F,F,F,F,F,F,F,F,F,F,F,F,F,F,F,F,F,F
NA,lake0385,1150,0.2048,0.998754083915846,0.00515674184290979,0.0226889796089142,0.00304037856812005,0.994331717426718,0.00073055944380113,0.956443250179291,0,0.99578250112606,0,0.0039293908387248,0.566200413542279,0.997509720138581,316,0.0718104577544927,0.0349065511644893,318,F,F,F,F,F,F,F,F,F,F,F,F,F,F,F,F,F,F,F,F,F,F,F,F,F,F,F,F,F,F,F,F,F,F,F,F,F,F,F,F,F,F,F,F,F,F,F,F,F,F,F,F,F,F,F,F,F,F,F,F,F,F,F,F,F,F,F,F,F,F,F,F,F,F,F,F,F,F,F,F,F,F,F,F,F,F,F,F,F,F,F,F,F,F,F,F,F,F,F,F
NA,lake0393,1300,0.2048,0.998005688855816,0.0294760635614492,1.3295604155334,0.101407484217281,0.902642533211475,0.0108833264203268,0.982977271080017,0,0.998579449632906,0,-0.0122038518183296,0.242636523070416,0.996015354988571,316,0.171685944565795,0.0353393274733753,318,T,T,F,T,T,F,F,F,T,F,F,F,F,F,T,T,F,F,F,F,F,F,F,F,F,F,F,F,F,F,F,F,F,F,F,F,F,F,F,F,F,F,F,F,F,F,F,F,F,F,F,F,F,F,F,F,F,F,F,T,F,F,F,F,F,F,T,F,T,F,F,F,F,F,F,F,F,F,F,F,F,F,F,F,F,F,F,F,F,F,F,F,F,F,F,F,F,F,F,F
NA,lake0394,2000,0.2048,0.999708794372537,0.00477932611957379,0.736074250330568,0.0615872745322096,0.952727324405203,0.00550916281497765,0.985992968082428,0,0.998204709238079,0,0.000173902351270928,0.964378259112848,0.999417673545792,316,0.0691326704212545,0.0374879354147619,318,T,T,F,T,F,F,F,F,F,F,F,F,F,F,F,F,F,F,F,F,F,F,F,F,F,F,T,F,F,F,F,F,F,F,F,F,F,F,F,F,F,F,F,F,F,F,F,F,F,F,F,F,F,F,F,F,F,F,F,F,F,F,F,F,F,F,F,F,F,F,F,F,F,F,F,F,F,F,F,F,F,F,F,F,F,F,F,F,F,F,F,F,F,F,F,F,F,F,F,F
NA,lake0395,1300,0.2048,0.999853555527034,1.2373646769773e-05,0.0143078400894638,0.00130020246408922,0.799378967022105,0.0258070018320622,0.989289045333862,0,0.99947762272882,0,0.00043664172334339,0.0896329524459028,0.999707132500051,242,0.00351761947483991,0.00194555731921861,244,F,F,F,F,T,F,T,F,F,F,F,F,F,F,F,T,F,F,F,F,F,F,T,T,F,T,F,F,T,F,T,T,F,F,T,F,F,F,F,F,F,F,F,F,F,F,F,F,T,T,F,F,F,F,F,F,F,F,F,F,F,F,F,T,F,F,T,F,F,F,F,F,F,F,F,F,F,F,F,F,F,F,F,F,F,F,F,F,F,F,F,F,F,F,F,F,F,T,F,F
NA,lake0396,1550,0.2048,0.999869739713866,5.48622807370623e-05,0.060950398430792,0.00486458944737495,0.843688341755773,0.0121851368909889,0.990654826164246,0,0.998212370718433,0,-0.00072745241149149,0.240792383128471,0.999739496395474,317,0.00740690763659588,0.0040912355818048,319,F,T,F,T,F,F,F,F,F,F,T,F,F,F,F,F,F,T,F,F,F,F,T,T,F,F,F,F,F,T,F,T,F,T,F,F,F,F,F,F,F,F,F,F,F,F,F,T,F,F,F,F,F,F,F,F,F,F,F,F,F,F,F,F,F,F,F,F,F,F,F,F,F,T,F,F,F,F,F,F,F,F,F,F,F,F,F,T,F,F,F,F,F,F,F,F,F,F,F,F
NA,lake0398,2200,0.0512,0.993571111749557,0.00529085723218315,0.0372842359041563,0.00241535661712379,0.949784605981974,0.00661317990283922,0.902120471000671,0,0.972365174988146,5.43271910836403e-302,0.0031199333397425,0.432555174956524,0.98718355410325,317,0.0727382790020712,0.0400279690259866,319,F,T,F,F,T,F,F,F,F,F,F,F,F,F,F,F,F,F,F,F,F,F,F,F,F,F,F,F,F,F,F,F,F,F,F,F,F,F,F,F,F,F,F,F,F,F,F,F,F,F,F,F,F,F,F,F,F,F,F,T,F,F,F,F,F,F,F,F,F,F,F,F,F,F,F,F,F,F,F,F,F,F,F,F,F,F,F,F,F,F,F,F,F,F,F,F,F,F,F,F
NA,lake0402,1900,0.2048,0.999874349032001,0.000112826298362897,0.0425068910821147,0.00349064906599723,0.9519111005006,0.00368872554073112,0.992074370384216,0,0.999322445651974,0,0.000728610234605805,0.568711799700574,0.999748713852168,317,0.0106219724327875,0.00447832094006606,319,T,T,F,T,F,F,F,F,F,F,F,F,F,F,F,F,F,T,F,F,T,F,F,F,F,F,T,F,F,F,F,F,F,F,F,F,F,F,F,F,F,F,F,F,F,F,F,F,F,F,F,F,F,F,F,F,F,F,F,F,F,F,F,F,F,F,F,F,F,F,F,F,F,F,F,F,F,F,F,F,F,F,F,F,F,F,F,F,F,F,F,F,F,F,F,F,F,F,F,F
NA,lake0406,1700,0.0512,0.989757967512078,0.00608790395809167,0.0480666303972651,0.00335176090567547,0.909595955244753,0.0108146274572349,0.913378238677979,0,0.956379178338797,3.21845141196639e-269,0.0122121644770918,0.00979788653785853,0.97962083425364,316,0.0780250213591234,0.0441308232438038,318,F,F,F,F,F,T,F,F,F,F,F,F,F,F,F,F,F,F,F,F,F,F,F,F,T,T,F,F,F,F,F,F,F,F,F,F,F,T,F,F,F,F,F,F,F,F,F,F,F,F,F,F,F,F,F,F,F,F,F,F,F,F,F,F,F,F,F,F,F,F,F,F,F,F,F,F,F,F,F,F,F,F,F,F,F,F,F,F,F,F,F,F,F,F,F,F,F,F,F,F
NA,lake0408,1400,0.1024,0.995318635519406,0.00222584306562627,0.0431513091417779,0.00635882496155929,0.908364860761698,0.012232165214066,0.937627375125885,0,0.983480413363733,1.11253692925365e-308,-0.00226957036194501,0.390917529022653,0.990659186212213,315,0.0471788412916879,0.0267639566956952,317,F,F,F,T,T,F,F,F,F,F,F,F,F,F,F,F,F,F,F,F,F,F,T,F,F,F,F,F,F,F,F,F,F,F,F,F,F,F,F,F,F,F,F,F,F,F,F,F,F,F,F,F,F,F,F,F,F,F,F,F,F,F,F,F,F,F,F,F,F,F,F,F,F,F,F,F,F,F,F,F,F,F,F,F,F,F,F,F,T,F,F,F,F,F,F,T,F,F,F,F
NA,lake0410,1150,0.1024,0.998077884191093,0.00108257673279054,0.0408576060793059,0.00379876600136291,0.926178765577142,0.006850369005438,0.964541077613831,0,0.990182122809828,0,-0.00323092259569199,0.115214397837606,0.996159462911368,315,0.0329025338354136,0.0135331465024533,317,F,T,T,F,T,F,F,F,F,F,F,F,F,F,F,T,T,F,T,F,T,T,T,T,T,F,F,F,F,F,F,F,F,F,F,F,F,F,F,F,F,F,F,F,F,F,F,F,F,F,F,F,F,F,T,T,F,F,F,F,F,F,F,F,F,F,F,F,F,T,F,F,F,F,F,F,F,F,F,F,F,F,F,F,F,F,F,F,F,F,F,F,F,F,F,F,F,F,F,F
NA,lake0411,2850,0.1024,0.994868365068455,0.00321516338284387,0.115206826241185,0.0153743426296828,0.799378361924737,0.026827082741262,0.968017876148224,0,0.979982004147355,1.11253693836956e-308,0.013682450039708,0.00408783895877847,0.989763063813981,316,0.0567024107322067,0.013364552210609,318,F,F,F,F,T,F,F,F,F,F,F,F,F,F,F,F,F,F,F,F,F,F,F,F,T,F,F,F,F,F,F,F,F,F,F,F,F,F,F,F,F,F,F,F,F,F,F,F,F,F,F,F,F,F,T,F,F,F,F,F,F,F,F,F,F,F,T,F,F,F,F,F,F,F,F,F,F,F,F,F,F,F,T,F,F,F,F,F,F,F,F,F,F,F,F,F,F,F,F,F
NA,lake0412,1950,0.1024,0.99934291470333,2.53060113310542e-05,0.00541879550046751,0.00033210962761844,0.845608696364711,0.01481057259014,0.986171066761017,0,0.997147219006605,0,0.000783660367735369,0.0855093070467725,0.998686261167746,317,0.00503050805893939,0.00135320310694951,319,F,T,F,F,T,F,T,F,T,F,F,F,F,F,F,F,F,F,F,F,T,F,F,T,F,F,F,F,F,F,T,T,F,T,F,F,F,F,F,F,F,F,F,F,F,F,F,F,F,F,F,F,F,F,F,F,T,F,F,F,F,T,F,T,F,F,T,F,T,F,F,F,F,T,F,F,F,F,F,T,F,F,F,F,F,F,T,F,F,F,F,F,F,F,F,F,F,F,F,F
NA,lake0413,1850,0.2048,0.999830650067146,3.7626428952589e-05,0.0247434686167841,0.00223494359547961,0.884335271968426,0.0120273690906706,0.986707210540771,0,0.997259789000453,0,-0.00134458948290499,0.0103731108070826,0.999661328813692,316,0.00613403855160603,0.0031948801579017,318,F,T,F,F,T,T,F,F,F,F,T,T,F,F,F,F,F,F,F,F,F,F,F,F,F,F,F,F,T,F,F,F,F,F,F,F,F,T,F,F,F,F,F,F,F,F,F,F,F,F,F,F,F,F,F,F,F,F,F,F,F,F,F,F,F,F,F,F,F,F,F,F,F,F,F,F,F,F,F,F,F,F,F,F,F,F,F,F,T,F,F,F,F,F,F,F,F,F,F,F
NA,lake0414,2150,0.1024,0.991244546990394,0.104669488021428,0.947222683656419,0.137180284361087,0.916897990159769,0.0115545822651296,0.959543466567993,0,0.979874614152823,8.26558305823387e-281,-0.0742237138163554,0.00676918153435876,0.982565751938191,317,0.323526641903612,0.0651657209523313,319,F,F,F,F,F,F,F,F,F,F,T,F,F,F,F,F,F,F,F,F,F,F,F,F,F,F,F,F,F,F,F,F,F,F,F,F,F,F,F,F,F,F,F,F,F,F,F,T,F,F,T,F,F,F,F,F,F,F,F,F,F,F,F,F,F,F,F,F,F,F,F,F,F,F,F,F,F,F,F,F,F,F,F,F,F,F,F,F,F,F,F,F,F,F,T,F,F,F,F,F
NA,lake0415,1150,0.1024,0.995654535883102,0.00555423633260359,0.160802958555952,0.0132617475207416,0.865593750338785,0.0134440362844296,0.94422847032547,0,0.97338668735447,1.16154819284783e-256,-0.0330432944002779,0.00012278417788139,0.991327954824595,247,0.0745267491079786,0.0422199541251287,249,T,T,F,T,F,F,F,F,F,F,F,F,F,F,F,F,F,F,F,F,F,F,F,F,T,F,T,F,F,T,F,F,F,F,F,F,F,F,F,F,F,F,F,F,F,F,F,F,F,F,F,F,F,F,F,F,F,F,F,F,F,F,T,F,F,F,F,F,F,F,F,F,F,F,F,F,F,T,F,F,F,F,F,F,F,F,F,F,F,F,F,F,F,F,F,F,F,F,F,F
NA,lake0416,1800,0.1024,0.997754114946675,0.00195201449614617,0.0973200261314374,0.0107703827566766,0.883294565884795,0.00814342158544579,0.969049513339996,0,0.987291859379756,0,-0.00174117269555111,0.475820252537407,0.995513273893022,316,0.0441816081208705,0.0147338728840441,318,F,F,F,T,F,F,F,F,F,F,F,F,F,F,T,F,T,F,F,T,F,F,F,F,T,F,F,F,F,F,F,F,F,F,F,F,F,F,T,F,F,F,F,F,F,F,F,F,F,F,F,F,F,F,F,F,F,F,F,F,F,F,F,F,F,F,F,F,F,F,F,F,F,T,F,F,F,F,F,F,F,F,F,F,F,F,F,F,T,F,F,F,F,F,F,F,F,F,F,F
NA,lake0417,1900,0.2048,0.997887631343893,0.025701314345896,0.631827769449007,0.0656204909079586,0.947244805342793,0.00526919701951038,0.963526010513306,0,0.991452625695083,0,-0.0324629220282255,0.0436554707425299,0.995779724789125,317,0.160316294698624,0.0725743394890688,319,F,F,F,T,F,T,F,F,F,F,F,F,F,F,F,F,F,F,F,F,F,F,F,F,F,F,F,F,F,F,F,F,F,F,F,F,F,F,F,F,F,F,F,F,F,F,F,F,F,F,F,F,F,F,F,F,F,F,F,F,F,F,F,F,F,F,F,F,F,F,F,F,F,F,F,F,F,F,F,F,F,F,F,F,F,F,F,F,F,F,F,F,F,F,F,F,F,F,F,F
NA,lake0420,1550,0.2048,0.999286006874206,0.000119421246365354,0.0270037328733925,0.0022647230857559,0.827225066975889,0.0189218099012984,0.985318422317505,0,0.997852927558973,0,-0.000671420833843349,0.279445839315889,0.998572523534597,316,0.0109280028534657,0.00323154013440343,318,F,T,F,T,F,T,F,F,F,T,T,F,F,T,T,F,F,F,F,F,F,F,F,F,F,F,F,F,T,F,F,F,F,F,F,F,F,F,T,F,F,F,F,F,F,F,F,F,T,F,F,F,F,F,F,F,F,F,F,F,F,F,F,F,F,F,F,F,F,F,F,F,F,F,F,F,F,F,F,F,F,F,F,F,F,F,F,T,F,F,F,F,F,F,F,F,F,F,F,F
NA,lake0421,1850,0.2048,0.988907276551369,0.00413930977484729,0.0143530124001245,0.00144062150883522,0.964659610582225,0.0051545468610947,0.919682145118713,0,0.984732427067495,8.98869617130828e-264,-0.00983941868163101,0.0799810381701631,0.977937601616246,316,0.064337467892724,0.0213151260450799,318,F,F,F,F,F,F,F,F,F,F,F,F,F,F,F,F,F,F,F,F,F,F,F,F,F,F,F,F,F,F,F,F,F,F,F,F,F,F,F,F,F,F,F,F,F,F,F,F,F,F,F,F,F,F,F,F,F,F,F,F,F,F,F,F,F,F,F,F,F,F,F,F,F,F,F,F,F,F,F,F,F,F,F,F,F,F,F,F,F,F,F,F,F,F,F,F,F,F,F,F
NA,lake0423,2050,0.0512,0.995273137982382,0.000778678025477918,0.025533184434004,0.00170359124201605,0.818245272303324,0.0189455673645616,0.947006165981293,0,0.966783110370821,1.11253692925362e-308,-0.0077859840018658,4.76550309006123e-05,0.990568619189298,316,0.0279048029105729,0.0126306371720469,318,F,T,T,F,T,T,F,F,F,T,F,F,F,F,F,T,F,F,F,F,F,T,F,F,F,F,F,F,F,F,F,F,F,F,F,F,F,F,F,F,F,F,F,F,F,T,F,F,F,F,F,F,F,F,F,F,T,T,F,F,F,F,T,F,F,F,F,F,F,F,F,F,F,F,F,F,F,F,F,T,F,F,F,F,F,F,F,F,F,F,F,F,F,F,F,F,F,F,F,F
NA,lake0431,2300,0.1024,0.999666028414745,0.000655011003674812,0.263131847854449,0.0258904846010394,0.850094313224329,0.0140150784575674,0.987893044948578,0,0.994229878900531,0,-0.00284861852891825,0.0745971579478463,0.99933216836651,257,0.0255931827578129,0.00985047836808029,259,T,T,T,F,F,T,F,F,F,F,F,F,F,T,T,F,F,T,F,F,F,F,F,F,F,F,F,F,F,F,F,T,F,T,F,F,F,F,F,F,F,F,F,F,F,F,T,F,F,F,F,F,F,F,F,F,F,F,F,F,F,F,F,F,F,F,F,F,T,F,F,F,F,F,F,F,F,F,F,F,T,F,F,F,F,F,F,F,F,F,F,F,F,F,F,F,F,F,F,F
NA,lake0432,2750,0.2048,0.999677941585161,0.0207892619060001,4.6575567203545,0.5656124014679,0.925425434499673,0.00979067972418715,0.987815797328949,0,0.999634927248703,0,-0.00102040269486009,0.964708033144503,0.999355986891944,317,0.144184818569779,0.04029857257646,319,T,T,T,F,F,F,F,F,F,F,F,F,F,F,T,F,F,F,F,F,F,F,F,F,F,F,F,F,F,F,F,T,F,F,F,F,F,F,F,F,F,F,F,F,F,F,F,F,F,F,F,F,F,F,F,F,F,F,F,F,F,F,F,F,F,F,F,F,F,F,F,F,F,F,F,F,F,F,F,F,F,F,F,F,F,F,F,F,F,F,F,F,F,F,F,F,F,F,F,F
NA,lake0434,2100,0.1024,0.996449508612188,0.0287932984172712,0.717132438907339,0.052904365006824,0.903899555521066,0.0120132655690974,0.980793118476868,0,0.984950878387734,0,0.00373827771985016,0.692635708912805,0.992911623213472,315,0.169685881608551,0.0335366361674774,317,F,F,F,F,T,F,F,F,T,F,F,F,F,F,F,T,F,F,F,F,F,F,F,F,F,F,F,F,F,F,F,F,F,F,T,F,F,F,F,F,F,F,F,F,T,T,F,F,F,F,F,F,F,F,F,F,F,F,F,F,F,F,F,F,F,F,F,F,T,F,F,F,F,F,F,F,F,F,F,F,F,F,F,F,F,F,F,F,T,F,F,F,F,F,F,F,F,F,F,F
NA,lake0436,1100,0.2048,0.99724952620647,0.000160586825452437,0.0118213682124916,0.00100023580480006,0.753152490558623,0.0328580316914597,0.982413649559021,0,0.993030746216044,0,-0.000964361962623278,0.18759151295216,0.994506617519029,317,0.0126722857232796,0.00188542640436349,319,F,F,F,F,T,T,F,T,F,F,T,T,F,T,T,F,F,F,F,T,F,F,F,F,F,T,T,F,T,F,F,T,F,F,F,F,F,F,F,F,F,T,F,F,F,F,F,T,F,T,T,F,F,F,F,F,F,F,F,F,F,F,F,F,F,F,F,F,F,F,F,F,T,F,F,F,F,F,F,F,F,F,F,F,F,F,T,F,T,F,F,F,F,F,F,F,F,F,F,F
NA,lake0440,1150,0.2048,0.993189616358541,0.00634522954169185,0.113123800292282,0.0132263529345893,0.877973417124516,0.0142740284302578,0.913197934627533,0,0.977041680056077,4.21204014541163e-297,0.0164222384868897,0.00824698806895056,0.986425614042425,316,0.0796569491111218,0.0436394742455466,318,T,F,F,F,T,F,F,F,F,F,F,F,F,F,F,F,F,F,F,F,F,F,F,F,F,F,F,F,F,F,F,F,F,F,F,F,F,F,F,F,F,F,F,F,F,F,F,F,F,F,F,F,F,F,F,F,F,F,F,F,F,F,F,F,F,F,F,F,F,F,F,F,F,F,F,F,F,F,F,F,F,F,F,F,F,F,F,F,F,F,F,F,F,F,F,F,F,F,F,F
NA,lake0443,1450,0.1024,0.998445018539042,8.72505821968692e-05,0.00678579057778737,0.0004014218648456,0.866356360634929,0.0148561844382789,0.966201663017273,0,0.987819406216801,0,0.003619534710199,0.000570160162978291,0.996892455045428,295,0.00934080201036662,0.00499682318602984,297,F,T,F,T,F,F,F,F,F,F,F,F,F,T,F,F,F,F,F,F,F,F,F,F,F,T,F,F,F,T,F,T,F,T,F,F,F,F,F,F,F,F,F,F,F,F,F,F,F,F,F,F,F,F,T,F,F,F,F,F,F,F,F,F,F,F,F,F,F,F,F,F,F,F,F,T,F,F,F,F,F,F,F,F,F,F,F,F,T,F,F,F,F,F,F,F,F,F,F,F
NA,lake0448,2800,0.1024,0.99492782242114,0.0492706678102162,1.28805164008486,0.118987125456949,0.847783794263184,0.0209141776314955,0.984529733657837,0,0.987446272475162,2.17022558361065e-246,-0.0256131983816631,0.29801817210503,0.989881371827672,245,0.221969970514519,0.0175394250333176,247,F,F,F,F,F,F,F,T,F,F,T,F,F,F,T,F,F,T,F,F,F,F,F,F,F,F,F,F,F,F,F,T,F,F,F,F,F,F,F,F,F,F,T,F,F,F,F,F,F,F,F,F,F,F,F,F,F,F,F,F,F,F,F,F,F,F,F,F,F,F,F,F,F,F,F,F,F,F,T,F,T,F,F,T,F,F,F,F,F,F,F,F,F,F,F,F,F,F,F,F
NA,lake0449,6050,0.0256,0.999320430844329,0.000357004769488163,0.115854155621033,0.00866481472590201,0.726860471497244,0.0222620735669512,0.976646542549133,0,0.986132496693673,0,-0.00347297412723661,0.00297232107665826,0.998641323502896,317,0.0188945698413106,0.00969793757444012,319,T,F,F,F,F,F,F,F,F,T,F,F,F,F,F,F,F,F,F,F,F,F,T,F,F,F,F,F,F,F,F,F,T,F,F,F,F,F,F,F,F,F,F,F,F,F,F,F,F,F,T,F,F,T,F,F,F,T,F,T,F,F,F,F,F,F,F,T,F,T,F,F,F,F,F,F,T,F,F,F,F,F,T,F,F,T,F,F,F,F,F,F,F,F,F,T,T,T,F,F
NA,lake0454,2650,0.1024,0.995705413130941,0.00176224147688014,0.0600283046022786,0.00465769202860477,0.845672390364803,0.0169687391698838,0.987054288387299,0,0.986239070740111,0,0.00338544765557909,0.155370083957511,0.991429269738257,316,0.0419790599809017,0.0041863153662249,318,F,T,T,F,F,T,T,F,T,T,T,F,F,F,F,F,F,F,F,F,F,F,F,F,F,F,F,F,F,F,T,T,F,F,F,F,F,F,T,F,F,F,T,F,F,F,F,F,F,F,F,F,F,F,F,F,F,F,F,F,F,F,F,F,F,T,F,F,F,F,F,F,F,F,F,F,F,F,F,F,F,F,F,F,F,F,F,F,F,F,F,F,F,F,F,F,F,F,F,F
NA,lake0460,2600,0.2048,0.995725332904237,0.0607977317526227,0.725570273145574,0.0864311515106743,0.952474308037319,0.00405068946411983,0.950418710708618,0,0.988859246468584,0,-0.0628107217165055,0.0144437440890549,0.991468938587254,316,0.246571960596948,0.100968515735122,318,F,F,F,F,F,F,T,F,F,F,F,F,F,F,F,F,F,F,F,F,F,F,F,F,F,F,F,F,F,F,F,F,F,F,F,F,F,F,F,F,F,F,F,F,F,F,F,F,F,F,F,F,F,F,F,F,F,F,F,F,F,F,F,F,F,F,F,F,F,F,F,F,F,F,F,F,F,F,F,F,F,F,F,F,F,F,F,F,F,F,F,F,F,F,F,F,F,F,F,F
NA,lake0462,1250,0.2048,0.995167844657263,1.00288751482565,7.86047517784548,1.03539646255376,0.962950815847362,0.00499189901382376,0.939792811870575,0,0.979813590452732,6.04499474355513e-247,0.034874857838929,0.583441662248994,0.990359039039782,243,1.00144271669709,0.455202638384906,245,F,F,F,F,F,F,F,F,F,F,T,F,F,F,F,F,F,F,F,F,F,F,F,F,F,F,F,F,F,F,F,F,F,F,F,F,F,F,F,F,F,F,F,F,F,F,F,F,F,F,F,F,F,F,F,F,F,F,F,F,F,F,F,F,F,F,F,F,F,F,F,F,F,F,F,F,F,F,F,F,F,F,F,F,F,F,F,F,F,F,F,F,F,F,F,F,F,F,F,F
NA,lake0480,3750,0.0512,0.998991263071673,0.000104908123485981,0.0116832877900429,0.000715992641654112,0.878631924921941,0.0123274835325199,0.973096907138824,0,0.988536403319777,0,-0.00224677621488062,0.00309725740633887,0.997983543693536,316,0.0102424666699961,0.00465467106477328,318,F,F,F,T,T,F,T,F,F,F,F,F,F,F,F,F,F,F,F,T,F,F,T,F,F,F,F,F,F,F,F,F,F,F,F,F,F,F,F,F,F,T,F,F,F,F,F,F,F,F,F,F,F,F,F,F,F,F,T,F,F,F,F,F,F,F,F,T,F,F,F,F,F,F,F,F,F,F,F,F,F,F,F,F,F,F,F,F,F,F,F,F,F,F,F,F,F,F,F,F
NA,lake0486,2100,0.0256,0.98484600613425,0.00553766901452633,0.0554290212755951,0.00397624301660768,0.828837321848331,0.0116512664171983,0.895574748516083,0,0.927782717619334,2.89004418450506e-243,0.00106867254323361,0.780109009999566,0.969921655798583,317,0.0744155159528329,0.0445664579007253,319,F,F,F,T,F,F,T,T,T,F,F,F,F,F,F,F,F,F,F,F,F,F,F,F,F,T,F,F,F,F,F,F,F,F,T,F,F,F,F,F,F,F,F,F,F,F,F,F,F,F,F,F,F,F,F,F,F,F,F,F,F,F,F,F,F,F,F,F,F,F,F,F,F,T,T,F,F,F,F,F,F,F,F,F,F,F,T,F,F,F,F,F,F,F,F,F,F,F,F,F
NA,lake0498,1300,0.1024,0.988099685484586,0.00159587820292291,0.0327624051179398,0.0029160578845112,0.713147034673233,0.0261107330823739,0.965682685375214,0,0.963082723335685,1.38110827642094e-247,-0.00614712000390242,0.0127691445513376,0.976340988454738,302,0.039948444311674,0.00759110174817068,304,F,F,F,F,F,F,F,F,F,T,F,T,F,F,F,F,F,F,F,F,F,F,T,T,F,F,T,F,F,F,F,F,F,F,F,T,T,F,F,F,T,F,F,F,F,F,T,F,F,F,F,F,F,F,F,F,F,F,F,F,F,T,F,F,F,F,F,F,F,F,F,F,F,F,F,F,F,F,F,F,F,F,T,F,F,F,F,F,T,F,T,F,T,F,T,F,F,F,F,F
NA,lake0501,1700,0.1024,0.992588879281187,0.00729559766385877,0.222660578824684,0.0218487936938658,0.73843553609839,0.0308145651763091,0.968216240406036,0,0.972403337034127,2.53871662922327e-291,-0.0117692634572144,0.0462958415084498,0.985232683272682,316,0.0854142708442727,0.0182360239860144,318,F,F,F,F,T,T,F,F,F,F,T,F,F,F,F,F,F,F,T,T,F,F,F,F,T,T,F,F,F,F,F,F,F,F,F,F,F,F,F,T,F,F,F,F,F,F,F,T,F,F,F,F,F,F,F,F,F,F,F,F,F,F,F,F,T,F,F,F,F,F,T,F,F,F,F,F,T,F,F,F,F,F,F,T,F,F,F,F,F,F,F,F,F,F,F,F,F,F,F,F
NA,lake0502,1400,0.1024,0.996918990581626,0.000813487339507057,0.0625910073916186,0.00449491885956304,0.698432071345945,0.0401884604845546,0.960481882095337,0,0.979334351924785,3.53375518768961e-276,-0.0173776778662915,0.00019102817681459,0.993847473782289,248,0.0285216994498409,0.00950248555089064,250,F,F,T,T,F,F,F,F,F,F,F,F,T,F,F,F,T,T,F,F,F,F,F,F,F,F,F,T,T,F,F,F,F,F,F,F,F,F,F,F,F,T,F,F,F,F,F,F,F,F,F,F,F,F,T,F,F,F,F,F,F,F,F,F,F,F,T,F,T,F,F,F,F,F,F,F,F,F,F,F,F,F,T,F,F,F,F,F,F,F,F,F,F,F,F,T,F,F,F,F
NA,lake0503,1850,0.2048,0.998102888850297,0.00301495630684448,0.116173425477084,0.00995259904125757,0.930339610753377,0.00614098727944564,0.95889139175415,0,0.992802983907483,0,-0.00764728633654944,0.0869614101170261,0.996209376731308,316,0.0549086177830446,0.0329667533941141,318,F,F,F,T,F,F,F,F,F,F,F,F,F,F,T,F,F,F,F,F,F,F,F,F,F,F,F,F,F,F,F,F,F,F,F,F,F,F,F,F,F,F,F,F,F,F,F,F,F,F,F,F,F,F,F,F,F,F,F,F,F,F,F,F,F,F,F,F,F,F,F,F,F,F,F,F,F,F,F,F,F,F,F,F,F,F,F,F,F,F,F,F,F,F,F,F,F,F,F,F
NA,lake0509,2000,0.0256,0.974880282896816,0.0433073695785291,0.242788107156599,0.0271477325454376,0.839637484560486,0.0229046922553926,0.841120660305023,0,0.898272269596156,3.63498166924842e-208,-0.12583885401888,1.23708720898561e-11,0.950391565980977,316,0.208104227680576,0.119606720496137,318,F,F,F,F,T,F,F,F,F,F,F,F,F,F,T,F,F,F,F,F,F,F,F,F,F,F,F,F,F,F,F,T,F,F,F,F,F,F,F,F,F,F,F,F,F,F,T,F,F,F,T,F,F,F,T,F,F,F,F,F,F,F,F,F,F,F,F,F,F,F,F,F,F,F,F,F,F,F,F,F,F,F,F,F,F,F,F,F,F,F,F,F,F,F,F,F,F,F,F,F
NA,lake0514,1800,0.1024,0.999580076955622,0.000328204607141966,0.0745577210940579,0.00516545488949521,0.894514176265659,0.0175604458197481,0.983211934566498,0,0.997239899298725,0,-0.0016199203059145,0.21728816161519,0.999160330246607,260,0.0181164181653539,0.00661634104590106,262,T,T,T,T,T,T,F,F,F,T,F,F,T,F,T,F,F,F,F,F,F,F,F,F,F,F,T,F,F,F,F,F,F,F,F,F,F,F,F,F,F,F,T,F,T,F,F,F,F,F,F,F,F,F,F,F,F,F,F,T,F,F,F,F,F,T,F,F,F,F,F,F,F,F,F,F,F,T,F,F,F,F,F,F,F,F,F,F,F,F,F,F,F,F,F,F,F,F,F,F
NA,lake0520,3100,0.0512,0.999052141924824,0.000601062000683644,0.124531224621729,0.00918216081555694,0.782275732241756,0.0112387776689391,0.97690623998642,0,0.990023106308622,0,-0.00592733341717479,0.00139209479767146,0.998105182284578,316,0.0245165658419699,0.00888785538258081,318,F,T,F,F,F,T,T,F,F,F,T,F,F,F,F,F,T,F,F,F,F,F,F,F,F,F,F,F,T,F,F,F,F,F,F,T,F,F,F,F,F,F,F,F,T,F,F,F,T,T,F,F,F,F,F,F,F,F,F,F,F,T,F,T,F,F,F,F,F,F,F,F,F,F,F,F,T,T,F,T,F,F,F,F,F,F,T,F,F,F,F,F,F,F,F,F,F,F,T,F
NA,lake0587,1100,0.0256,0.965321599074728,0.0143653764486897,0.0442244996300418,0.00309302585920102,0.887532275371922,0.0102769100752866,0.843406498432159,0,0.896173414333189,5.95508293613702e-187,-0.0137162016276405,0.0315679812245968,0.931845789640189,317,0.119855648380415,0.0716740174354718,319,F,F,F,F,F,F,F,F,F,F,F,F,F,F,F,F,F,F,F,F,F,F,F,T,F,F,F,F,F,F,F,F,F,F,F,F,F,F,T,F,F,F,F,F,F,F,F,F,F,F,F,F,F,F,F,F,F,F,F,F,F,F,F,F,F,F,F,F,F,F,F,F,F,F,F,F,T,F,F,F,F,F,F,F,F,F,F,F,F,F,F,F,F,T,T,F,F,F,F,F
NA,lake1161,1200,0.0512,0.983733254083693,0.00617173898291677,0.0488362077406167,0.0124628629486974,0.859010693039667,0.0352310655529937,0.91443395614624,0,0.93344710083031,1.9971116032528e-238,-0.0175092465736464,0.000295173447236219,0.967731115190091,317,0.0785604161325331,0.0363947933889532,319,F,F,T,F,F,T,F,T,T,F,T,F,F,F,F,F,F,F,F,F,F,T,F,F,F,T,F,F,F,T,F,T,F,F,T,T,F,F,F,F,F,F,F,F,F,F,F,F,F,F,F,F,F,F,F,F,F,F,T,F,F,F,F,F,F,F,F,F,F,F,F,F,F,F,F,F,F,F,F,F,F,F,F,F,F,F,F,F,F,F,F,F,F,F,F,F,F,F,F,F
NA,lake1168,2300,0.2048,0.997046424611453,0.0183828659709267,0.824962938000658,0.0813774203603249,0.863422977756886,0.013429823935612,0.984969079494476,0,0.992712649613753,1.01504755768987e-290,0.0111797989207393,0.192592619815141,0.994101572830481,259,0.135583428083696,0.0175943043410629,261,F,T,F,F,F,F,F,F,F,F,F,F,F,F,F,F,F,F,F,F,F,F,F,F,F,T,T,F,T,F,F,F,F,T,F,F,F,F,F,F,F,F,F,F,F,F,F,F,F,F,F,F,F,F,F,F,F,F,F,F,F,F,F,F,F,F,F,F,F,F,F,F,F,F,F,F,F,F,F,F,F,F,F,F,F,F,F,F,F,F,F,F,F,F,F,F,F,F,F,F
NA,lake1285,3150,0.0256,0.969135026695767,0.0941554390065075,0.427134869337222,0.0475976213302291,0.844827316867724,0.0185081240434608,0.862667143344879,0,0.901027854285957,1.46157207052622e-148,-0.244976234576904,1.94506466324799e-09,0.939222699968605,241,0.30684758269621,0.139750263480856,243,F,F,F,T,F,F,F,T,F,F,F,F,F,F,F,F,F,F,F,F,F,F,F,F,F,F,F,F,T,F,F,F,F,F,F,F,F,F,F,F,F,F,F,F,F,F,F,F,F,F,F,F,F,F,F,F,F,F,F,F,F,F,F,F,F,F,F,F,F,F,F,F,F,F,F,F,F,F,F,F,F,F,F,F,F,F,F,F,F,F,F,F,F,F,F,F,F,F,F,F
NA,lake1421,3100,0.2048,0.992438877101963,0.0695643346407602,0.283173775278719,0.0330010579330194,0.967955157921235,0.00508070446384541,0.931948125362396,0,0.97880145127198,3.24838867436377e-225,-0.0375224317566382,0.0946042525838345,0.984934924783405,245,0.26375051590615,0.0773554740802558,247,F,F,F,F,F,F,F,F,F,F,F,F,F,F,F,F,F,F,F,F,F,F,F,F,F,F,F,F,F,F,F,F,F,F,F,F,F,F,F,F,F,F,F,F,F,F,F,F,F,F,F,F,F,F,F,F,F,F,F,F,F,F,F,F,F,F,F,F,F,F,F,F,F,F,F,F,F,F,F,F,F,F,F,F,F,F,F,F,F,F,F,F,F,F,F,F,F,F,F,F
NA,lake1442,2400,0.1024,0.999375653451755,0.000749596398606899,0.0365804244985006,0.00315625797799758,0.969996612051822,0.00252744680782642,0.981270134449005,0,0.995998250949333,0,-0.00374436616989605,0.0336389883269327,0.998751696712123,317,0.0273787581640749,0.00972758685295694,319,F,T,T,T,F,F,T,F,F,F,F,F,F,F,F,F,F,F,F,F,F,F,F,F,F,F,F,F,F,F,F,F,F,F,F,F,F,F,F,F,F,F,F,F,F,F,F,F,F,F,F,F,F,F,F,F,F,F,F,F,F,F,F,T,F,F,F,F,F,F,F,F,F,F,F,F,F,F,F,F,F,F,F,F,F,F,F,F,F,F,F,F,F,F,F,F,F,F,F,F
NA,lake1534,2600,0.0512,0.971354681103708,2.84061539899395,6.89511682856174,1.20076466032963,0.916951163355021,0.0262791726263848,0.891906082630158,0,0.940695148178449,6.56430146936016e-155,0.0966806596086819,0.384974052695332,0.943529916502086,245,1.68541253080483,0.497588512907546,247,F,F,F,T,F,F,F,F,F,F,F,F,F,F,F,F,F,F,F,F,F,F,F,F,F,F,F,F,F,F,F,F,F,F,F,F,F,F,F,F,F,F,F,F,F,F,F,F,F,F,F,F,F,F,F,F,F,F,F,F,F,F,F,F,F,F,F,F,F,F,F,F,F,F,F,F,F,F,F,F,F,F,F,F,F,F,F,F,F,F,F,F,F,F,F,F,F,F,F,F
NA,lake1570,1350,0.1024,0.997709958609132,0.528661920686647,22.4811999424369,2.74890839230842,0.8939508450543,0.0152186059921149,0.965373039245605,0,0.986898162588953,1.27037774900878e-288,0.147565299452568,0.0288857523690755,0.995425161507836,245,0.727091411506591,0.316127622700115,247,F,F,F,F,T,F,F,F,F,F,T,F,F,T,F,F,F,F,T,F,F,F,F,T,F,F,F,F,T,F,F,F,F,F,F,F,F,T,F,F,F,F,F,F,F,F,F,F,F,F,T,F,F,F,F,F,F,F,F,F,F,F,F,F,F,F,F,F,F,F,F,F,F,F,T,F,F,F,F,F,F,F,F,F,T,F,F,F,F,F,F,F,F,F,F,F,F,F,F,F
NA,lake1979,50,3.60925e-07,0.985569206101994,4564.16144121991,4594.47597138463,260.305860567917,0.978917008468972,0.00440669790892306,0.714576244354248,0,1.58681877672704e-05,5.55907926918366e-147,-97.6541176329019,0,0.971346660015777,188,67.55857785078,45.7389175032656,190,F,F,F,F,F,F,F,F,F,F,F,F,F,F,F,F,F,F,F,F,F,F,F,F,F,F,F,F,F,F,F,F,F,F,F,F,F,F,F,F,F,F,F,F,F,F,F,F,F,F,F,F,F,F,F,F,F,F,F,F,F,F,F,F,F,F,F,F,F,F,F,F,F,F,F,F,F,F,F,F,F,F,F,F,F,F,F,F,F,F,F,F,F,F,F,F,F,F,F,F
NA,lake1992,50,3.60925e-07,0.975719001766903,2462.60040635113,2483.20212008297,119.640867170943,0.974137477734851,0.0042564657616173,0.632665514945984,0,1.62889977379378e-05,1.31876293006876e-161,-2.83191664967286,0,0.952027570408977,242,49.6245947726642,46.1948987507841,244,F,F,F,F,F,F,F,F,F,F,F,F,F,F,F,F,F,F,F,F,F,F,F,F,F,F,F,F,F,F,F,F,F,F,F,F,F,F,F,F,F,F,F,F,F,F,F,F,F,F,F,F,F,F,F,F,F,F,F,F,F,F,F,F,F,F,F,F,F,F,F,F,F,F,F,F,F,F,F,F,F,F,F,F,F,F,F,F,F,F,F,F,F,F,F,F,F,F,F,F
NA,lake2323,1200,0.1024,0.995961432037537,1.07966087338643,12.3997736923113,3.03953949526576,0.94549088542985,0.0153918103003499,0.711676120758057,0,0.995356201862399,2.16544628696924e-256,-0.0528171356589383,0.720513321332903,0.991939174106261,243,1.03906730936279,0.378175383642759,245,F,F,F,T,F,F,F,F,F,F,T,F,F,T,F,F,F,F,F,F,F,F,F,F,F,F,F,F,F,F,F,F,F,F,F,F,F,F,F,F,F,F,F,F,T,F,F,F,F,F,F,F,F,F,F,F,F,F,F,F,F,F,F,F,F,F,F,F,F,F,F,F,F,F,F,F,F,F,F,F,F,F,F,F,F,F,F,F,F,F,F,F,F,F,F,F,F,F,F,F
NA,lake2327,1050,0.0512,0.999774663913458,0.00464576480859267,0.0157873764208177,0.00133813748617835,0.999192434340489,0.000102297548531482,0.945219397544861,0,0.999077280608572,0,0.00283840926663873,0.532750630905073,0.999549378603268,317,0.0681598474807028,0.0382873211453391,319,F,T,F,F,F,F,F,F,F,F,F,F,F,F,F,F,F,F,F,F,F,F,F,F,F,F,F,F,F,F,F,F,F,F,F,F,F,F,F,F,F,F,F,F,F,F,F,F,F,F,F,F,F,F,F,F,F,F,F,F,F,F,F,F,F,F,F,F,F,F,F,F,F,F,F,F,F,F,F,F,F,F,F,F,F,F,F,F,F,F,F,F,F,F,F,F,F,F,F,F
NA,lake2330,1400,0.1024,0.992948697121933,0.0180656615303144,0.134382281019492,0.0179565657964597,0.948368439108723,0.00639529808268297,0.961297690868378,0,0.981710621687004,1.50061913360562e-233,-0.0160513691103452,0.0721409525008707,0.985947115116145,250,0.134408561968032,0.0262012729317374,252,T,F,F,T,F,F,F,F,F,F,F,F,T,F,F,F,F,F,T,T,F,F,F,F,T,F,F,F,F,F,F,F,F,F,F,F,F,F,F,F,F,F,F,F,F,F,F,F,F,F,F,F,F,F,F,F,F,F,F,F,F,F,F,T,F,F,F,F,F,F,F,F,F,F,F,F,F,F,F,F,F,F,F,F,F,F,F,F,F,F,F,F,F,F,F,F,F,F,F,F
NA,lake4009,2700,0.2048,0.999992006220584,0.000700342695770405,11.3857300457805,0.940958864763008,0.861226863822584,0.01565080212413,0.998485803604126,0,0.999605036299832,0,-0.0012279800097088,0.471651146329359,0.999984012505068,245,0.0264639886595049,0.0117974457982073,247,F,F,F,T,F,F,F,F,F,F,F,F,F,F,F,F,F,T,F,F,F,F,F,T,F,F,F,F,T,T,F,F,F,F,F,F,F,F,F,F,F,F,F,F,F,F,F,F,T,F,F,F,F,F,F,F,F,F,F,F,F,F,F,F,F,F,F,F,F,F,F,F,F,F,F,F,F,F,F,F,F,F,F,F,F,F,F,F,T,T,F,F,F,F,F,F,F,F,F,F
